platform	impl	algo	size	ns_mean	ns_median	ns_sd	ns_min	ns_max	ns_removed	tk_mean	tk_median	tk_sd	tk_min	tk_max	tk_removed	byte_s	hash_s	batch_ns	batch_ticks	pmu_ok	cycles	instructions
x86_64-wsl	hybrid	SHA3-256	16	1408.2	1403.0	35.4	1342	1503	3431	5386.3	5343.0	147.0	5109	5850	1851	11362125.1	710132.8	1415.34	5509.33	1	6212.42	25316.00
x86_64-wsl	hybrid	SHA3-256	64	1449.8	1443.0	39.4	1372	1563	2072	5542.7	5537.0	155.3	5226	6006	1785	44142913.7	689733.0	1437.47	5595.44	1	6316.17	25796.00
x86_64-wsl	hybrid	SHA3-256	256	2891.2	2886.0	55.3	2755	3055	3034	11153.0	11115.0	216.2	10608	11778	2888	88544278.4	345876.1	2920.60	11368.67	1	12820.27	52620.01
x86_64-wsl	hybrid	SHA3-256	1024	11462.9	11452.0	129.0	11041	11853	6824	44520.5	44499.0	505.3	42900	46137	6689	89331825.9	87238.1	11802.22	45941.29	1	51048.90	209724.02
x86_64-wsl	hybrid	SHA3-256	4096	44334.8	44324.0	315.9	43162	45396	10653	172475.5	172458.0	1230.1	167895	176631	10646	92387926.2	22555.6	45030.04	175283.95	1	197663.18	813236.05
x86_64-wsl	hybrid	SHA3-512	16	1416.4	1412.0	38.4	1343	1533	4629	5412.8	5382.0	150.9	5148	5889	4421	11296133.9	706008.4	1430.23	5567.26	1	6267.89	25476.00
x86_64-wsl	hybrid	SHA3-512	64	1444.8	1442.0	37.8	1372	1563	1407	5516.1	5499.0	139.2	5264	5889	2789	44297956.6	692155.6	1435.57	5588.06	1	6299.44	25956.00
x86_64-wsl	hybrid	SHA3-512	256	5639.3	5631.0	84.2	5390	5882	1555	21849.0	21840.0	326.7	20865	22776	1620	45396082.1	177328.4	5731.87	22311.85	1	25034.74	102588.01
x86_64-wsl	hybrid	SHA3-512	1024	21052.6	21050.0	186.9	20328	21601	3529	81847.2	81822.0	726.9	79053	83967	3554	48640077.1	47500.1	21319.69	82988.92	1	93600.22	384212.02
x86_64-wsl	hybrid	SHA3-512	4096	79889.8	79882.0	490.6	78118	81514	10663	310877.4	310830.0	1909.4	304005	317187	10661	51270626.6	12517.2	81192.57	316050.24	1	356153.35	1460900.09
x86_64-wsl	hybrid	Ascon	16	1847.0	1844.0	7.1	1833	1864	7104	7044.2	7058.0	25.9	6981	7098	9244	8662573.6	541410.9	1846.04	7185.85	1	8103.68	15880.00
x86_64-wsl	hybrid	Ascon	64	3415.5	3407.0	15.9	3387	3457	4611	13156.3	13143.0	68.3	13065	13377	2527	18738095.4	292782.7	3432.36	13360.73	1	15064.67	29632.01
x86_64-wsl	hybrid	Ascon	256	9669.0	9659.0	23.8	9618	9759	20366	37523.1	37479.0	137.5	37323	37908	14113	26476344.3	103423.2	9792.33	38117.55	1	42993.72	84640.01
x86_64-wsl	hybrid	Ascon	1024	34813.8	34696.0	227.4	34525	35758	4756	135373.0	134901.0	885.5	134277	139035	4719	29413657.8	28724.3	35241.56	137181.27	1	154579.64	304672.04
x86_64-wsl	hybrid	Ascon	4096	135284.3	134786.0	885.4	134215	139394	14881	526459.5	524550.0	3436.9	522327	542568	14873	30276987.6	7391.8	138178.68	537874.40	1	601396.67	1184800.22
x86_64-wsl	sha3	SHA3-256	16	1388.6	1382.0	31.0	1342	1483	5137	5305.2	5265.0	122.2	5109	5694	4829	11522289.4	720143.1	1390.39	5412.15	1	6102.61	24941.00
x86_64-wsl	sha3	SHA3-256	64	1417.6	1412.0	33.0	1362	1513	3621	5415.7	5382.0	127.2	5187	5772	3860	45146640.4	705416.3	1411.30	5493.60	1	6199.78	25421.00
x86_64-wsl	sha3	SHA3-256	256	2859.9	2855.0	46.8	2765	2996	2983	11030.2	10998.0	181.0	10647	11544	3122	89513365.2	349661.6	2888.91	11245.32	1	12647.76	52041.01
x86_64-wsl	sha3	SHA3-256	1024	11327.8	11322.0	97.6	11040	11613	2976	43992.6	43953.0	379.0	42861	45084	3036	90396757.9	88278.1	11492.78	44736.75	1	50460.46	207921.01
x86_64-wsl	sha3	SHA3-256	4096	43844.3	43833.0	222.5	43062	44525	6770	170566.0	170508.0	865.2	167505	173199	6791	93421574.5	22808.0	44596.86	173597.73	1	195838.79	806741.05
x86_64-wsl	sha3	SHA3-512	16	1387.6	1382.0	29.9	1342	1483	3211	5296.2	5265.0	111.8	5109	5616	4007	11531112.6	720694.5	1387.08	5399.34	1	6079.18	24941.00
x86_64-wsl	sha3	SHA3-512	64	1418.4	1412.0	32.1	1362	1513	4331	5422.3	5382.0	129.0	5187	5850	3693	45121202.4	705018.8	1408.83	5484.00	1	6183.59	25421.00
x86_64-wsl	sha3	SHA3-512	256	5563.3	5560.0	66.5	5400	5741	2642	21559.3	21528.0	265.5	20942	22347	1951	46015761.2	179749.1	5612.10	21845.63	1	24634.75	101441.01
x86_64-wsl	sha3	SHA3-512	1024	20806.6	20800.0	140.1	20288	21231	4588	80888.3	80885.0	543.1	78858	82485	4683	49215185.9	48061.7	21152.96	82339.98	1	92907.59	380821.02
x86_64-wsl	sha3	SHA3-512	4096	79074.2	79050.0	345.5	77758	80263	12001	307703.2	307632.0	1345.5	302562	312351	11988	51799426.0	12646.3	80426.59	313068.58	1	352713.89	1448941.09
x86_64-wsl	ascon	Ascon	16	1848.9	1853.0	5.9	1833	1864	4659	7047.9	7059.0	22.3	6981	7098	4985	8653787.5	540861.7	1846.09	7186.07	1	8108.56	14743.00
x86_64-wsl	ascon	Ascon	64	3427.0	3427.0	7.4	3386	3447	6836	13190.8	13182.0	27.3	13104	13260	7652	18675053.0	291797.7	3444.86	13409.35	1	15123.77	27427.01
x86_64-wsl	ascon	Ascon	256	9742.7	9739.0	16.0	9638	9799	3378	37774.8	37752.0	60.9	37401	37947	3711	26276124.6	102641.1	9862.27	38389.80	1	43173.76	78163.01
x86_64-wsl	ascon	Ascon	1024	34996.9	34996.0	24.0	34576	35057	11402	136078.5	136071.0	91.5	134511	136305	11842	29259764.2	28574.0	35416.94	137863.96	1	155486.56	281107.04
x86_64-wsl	ascon	Ascon	4096	136039.4	136007.0	108.1	134465	136559	17365	529398.6	529269.0	420.8	523341	531414	17370	30108927.8	7350.8	138147.15	537751.63	1	604502.62	1092883.16
